Id,Date,Tweet,Event
1457324921235939330,Sun Nov 07 12:31:51 +0000 2021, 1 millon de presupuesto por arepera para 10 años? No se si aguanta,1
1456239809098289161,Thu Nov 04 12:40:00 +0000 2021," Ahh ya entiendo eres arepera",1
1457071812920053760,Sat Nov 06 19:46:05 +0000 2021," creo que deberiamos hacer mas  canciones que hablen sobre la diversidad sexual  y animales porque  weee estos titulos estan bien chidos xD  aunque  yo cambiara Lobo Hetero por lobo BISEXUAL del Bosque",0
1451247469480796163,Thu Oct 21 18:02:14 +0000 2021," Que tristeza tan grande marica uno bien ilusionado y que le llegue lechuga picada.",0
1457712681859878924,Mon Nov 08 14:12:41 +0000 2021,"""Los maricones no deberían estar en la Guardia Civil"" o ""prefiero tener un hijo muerto o drogadicto que maricón""",1
1462547214446833665,Sun Nov 21 22:23:23 +0000 2021,"#CuartoMilenio Yo ya me he perdido chicos ¿una psicofonía de un travesti que hablaba árabe mientras cantaba flamenco?",0
1462253992055091213,Sun Nov 21 02:58:13 +0000 2021,"@_il_diavolo Se viene un dildo en tu culo también afeminado",1
1461911560373346311,Sat Nov 20 04:17:31 +0000 2021,"@ALE_JAN_DRO_SOY No en el día del orgullo gay nos felicitanbueno tampoco quiero que me feliciten ellos",1
1462021683196354566,Sat Nov 20 11:35:06 +0000 2021,@Alex_deLyf Otro que reivindica el orgullo gay. Y luego usa la palabra MARICON para ofender. Estos ROJERAS no tienen remedio ni desperdicio,0
1462768614646304775,Mon Nov 22 13:03:09 +0000 2021,@alvarosarco Entre ellos una gata vieja machorra.,1
1462838532054171658,Mon Nov 22 17:40:58 +0000 2021,@AlvaroUribeVel @CeDemocratico Viejo marica cacreco,1
1462301787138973696,Sun Nov 21 06:08:08 +0000 2021,@amishijoseduco Terrible! orgullo gay mis bolas es orgullo LGBT+,0
1462292220351074309,Sun Nov 21 05:30:08 +0000 2021,"@anamaryb Ana maria machorra amay!",1
1462809241601941511,Mon Nov 22 15:44:35 +0000 2021,@AndresPastrana_ @NicolasMaduro Estas enamorado de Maduro viejo maricon,1
1462841401809506315,Mon Nov 22 17:52:23 +0000 2021",@Arix05 Pero Ariana Margarita no nos tengas en este suspenso... Marica uno sufre,0
1462842577477111821,Mon Nov 22 17:57:03 +0000 2021,@astrodazing Marica nooooooooo. Qué peligro.,0
1462558100100161542,Sun Nov 21 23:06:38 +0000 2021,"@Bear01Mister @bbemclovin @MillosFc__ @FortalezaCEIF @nacionaloficial ¿Se enamoró de mi mijo? Típico paisa transexual travesti y periquero.",1
1462546301158141952,Sun Nov 21 22:19:45 +0000 2021,"@BlancaM59527524 @MoNtSeRRaT1471 Por qué el hace recordar que es una bollera reprimida pienso",1
1462485525844082697,Sun Nov 21 18:18:15 +0000 2021,@bulldog_punk ¿BloqueadO? Jajajaj si es que es una machorra!!,1
1462030435416948738,Sat Nov 20 12:09:53 +0000 2021,@cavaleri59 @phierrecom Se permite el orgullo gay? Pues se permite lo nuestro,1
1462809116288724996,Mon Nov 22 15:44:05 +0000 2021,@chrrygie ???? ZZZ???? nisiquiera sabes buildear bien al maricon de diluc y le dices a albedo y eula zzzz????,1
1462429382434304000,Sun Nov 21 14:35:10 +0000 2021,@cinco_zavala @ChrisGuevaraG @labitconf La generacion de Cristal se ofende por todo... orgullo gay,1
1462138819034202121,Sat Nov 20 19:20:34 +0000 2021,"@DAVIDVALVI66 No para nada pero ayer se aguitaron con lo de la playera del orgullo gay jajaja",0
1461888257722040325,Sat Nov 20 02:44:55 +0000 2021,@dayanaghisays Sabía yo que eres arepera jajajajajjajajajaja,1
1462396085826166784,Sun Nov 21 12:22:51 +0000 2021,"@DickTracy1988 @GleydisMarinez @MencoJonas @SilverKlary Ella es machorra no pare.",1
1462492624858882053,Sun Nov 21 18:46:28 +0000 2021,@DonVocero Yo correre lo mas lejos posible de esa machorra de shit.,1
1462466390351245314,Sun Nov 21 17:02:13 +0000 2021,@drago199811 @alvaro_concha Con la cara de afeminado capaz que te guste. Pokemon culeao,1
1462177184127332356,Sat Nov 20 21:53:01 +0000 2021,"@Drakspartan Y yo pensando  ese Drak ya se volvio afeminado :v",1
1462167805416009729,Sat Nov 20 21:15:45 +0000 2021,@Dreamsito_RC No había nombre menos afeminado,1
1462121041921253393,Sat Nov 20 18:09:55 +0000 2021,"@EduardLK7 @InvictosSomos Que se siente ser puto? Digo porque man lo mas afeminado posible es ser antimessi y fan de tronconaldo a la vez",1
1462400868121288709,Sun Nov 21 12:41:51 +0000 2021,@edugalan Que feo es el Cabezón enano enchufado afeminado y cobarde. Amigo de Pcr-reverse,1
1462251124270972933,Sun Nov 21 02:46:49 +0000 2021,@EI_masevarela -Don homosexual afeminado,1
1462332343935455232,Sun Nov 21 08:09:34 +0000 2021,@elespectador Jijijijiji arepera cara de nalga,1
1462810860888502281,Mon Nov 22 15:51:01 +0000 2021,"@ElPolitologoSv hay que darle calentadita al hdp para que se ponga mas enojado a ver si con un hombre actua igualmente!! el maricon!!",1
1462553739466883073,Sun Nov 21 22:49:19 +0000 2021,@fandematsi No importa como seas gay musulman judio transgenero lesviana travesti religosoetc Eres Magico,0
1461944558493839361,Sat Nov 20 06:28:39 +0000 2021,@fersupernovaa viste con la del orgullo parece un tornado gay,1
1462150728156286977,Sat Nov 20 20:07:53 +0000 2021,@GabyLevinas Y también viste marchas de orgullo Gay,0
1462808197316677633,Mon Nov 22 15:40:26 +0000 2021,@galegoenxebre @hermanntertsch Tolerante el maricon.,1
1462775114622246914,Mon Nov 22 13:28:59 +0000 2021,@gestionperfecta Ahora a robar y a perderse como la machorra de la Erika Farias... a esa no la querian ni los propios chaburros,1
1462525403655028744,Sun Nov 21 20:56:43 +0000 2021,"@GntCnTranvecos Para él ser un travesti debe ser un insulto si no no veo porque se enoje",0
1462809106939629576,Mon Nov 22 15:44:03 +0000 2021,@gocrazygoaaron no tengo familia maricon,1
1462140169486843908,Sat Nov 20 19:25:56 +0000 2021,@GothiciSolis Por "afeminado" en el caso del hombre y contranatura en ambos.,1
1462326076382887937,Sun Nov 21 07:44:39 +0000 2021,@GuidoPuka Esa no es la bandera del orgullo gay,0
1462842777725816833,Mon Nov 22 17:57:51 +0000 2021,@GustavoBolivar Cállese viejo marica.,1
1462378653162029058,Sun Nov 21 11:13:35 +0000 2021,@heroftheages y lit a veces hasta en los medios de comunicacion o etc dicen bandera gay o dia del orgullo gay,0
1462811364532047877,Mon Nov 22 15:53:01 +0000 2021,@HinchasdeMillos Payaso maricon,1
1462143051523149833,Sat Nov 20 19:37:23 +0000 2021,"@hourenstan Oiga respete arepera",1
1462552222923952131,Sun Nov 21 22:43:17 +0000 2021,@icatzqr Y tu eres chica o chico? porque este avatar de travesti?,1
1462245364120141825,Sun Nov 21 02:23:56 +0000 2021,@ilesuxz @Eljuanmavalenc1 @Entey01 es que te vi como un poco mas afeminado con juanma xd,1
1462162107491926022,Sat Nov 20 20:53:06 +0000 2021,"@immer__ @DFNeoe Afeminado de mierda deja de robarme.",1
1462457564067770376,Sun Nov 21 16:27:09 +0000 2021,"@intherceptor Jajajajaja a el mío le salió mrc pero no delicado ni afeminado le falle",1
1462126235681804289,Sat Nov 20 18:30:34 +0000 2021,@JFranAlbert @pepatrujillo65 @EqInvestigacion Nadie quiere escuchar a un afeminado lloron eso no da likes,1
1462159435514605568,Sat Nov 20 20:42:29 +0000 2021,@JokerCarlosDan1 Este puto con ese apellido afeminado si me lo cruzo lo hago sumbar como una sirena de bomberos!,1
1462519325974306820,Sun Nov 21 20:32:34 +0000 2021,"@jorge64650040 @Movilh Te quieres culiar un travesti o quizás el travesti te culea a ti se nota mucho tu fantasía sexual.",1
1462547841109282821,Sun Nov 21 22:25:52 +0000 2021,"@josart_ he dejao de ser bollera a ver cuanto duro",0
1462843450223591425,Mon Nov 22 18:00:31 +0000 2021,@juampi0rellana Se me hace que eres marica,1
1462752090338603010,Mon Nov 22 11:57:29 +0000 2021,@kovalsqui @ClaudiaLopez Respete a la machorra!!Con los buenos días!Oiga ya abrió la tienda?,1
1462579572495499266,Mon Nov 22 00:31:58 +0000 2021,"@kratos_c9 @luisalizcano98 Es arepera y listo cállate pimpinero",1
1462551981030092809,Sun Nov 21 22:42:19 +0000 2021,@Kuala_Lumppur Pero como tiene pinta de machorra vamos a juzgarla otra vez diciendo que tiene pinta de una jefa HDLGP. Vaya tela.,1
1462839727493681160,Mon Nov 22 17:45:43 +0000 2021,@kurl4n Por irte a dormir de marica zzz,1
1462542392125386762,Sun Nov 21 22:04:13 +0000 2021,@leosarro Son tan progres los zurdos que ahora se inventaron el "Gauchotrans" Un travesti de gaucho.,1
1462548399031394306,Sun Nov 21 22:28:05 +0000 2021,"@Lightrvnx lei ""travesti brasileña"" la puta madre",0
1462605560713461763,Mon Nov 22 02:15:14 +0000 2021,@lopezobrador_ Quien es la chófera machorra??,1
1462840674735337487,Mon Nov 22 17:49:29 +0000 2021,@LRobertoS @AlvaroUribeVel @petrogustavo @dignidad_col @JERobledo Cuento marica. Lávese la jeta,0
1462232469810270208,Sun Nov 21 01:32:42 +0000 2021,"@LuisitoMelendrs Jajaja soy cero alto ni barbon ni mamado soy “afeminado” y de hecho mi voz es lo menos gruesa.",0
1462843440480329734,Mon Nov 22 18:00:29 +0000 2021,"@malekbenitez @marenco Bueno pero este es una combinación de marero/marica porque la pinta de las 2 cosas la tiene!!",1
1461882640081039364,Sat Nov 20 02:22:36 +0000 2021,@Margaritarosadf Arepera. Si ya se graduó vuelva a empezar.,1
1462213838674219012,Sun Nov 21 00:18:40 +0000 2021,"@Mbaretense Nunca jamás en su puta vida haría un favor a Cerro ese afeminado badulaque, olvidate.",1
1462597025657143304,Mon Nov 22 01:41:19 +0000 2021,@MexMejor Parece machorra la doña.,1
1462248680094932994,Sun Nov 21 02:37:07 +0000 2021,"@mserranoduenas Jodio y jodio por el matrimonio gay sinembargo su matrimonio con bombos y platillos le duró el suspiro de un perro",1
1462747653373104130,Mon Nov 22 11:39:51 +0000 2021,@NormaYarrow4 @anibaltorresv sigan endureciendo al país y terminarás disuelta machorra,1
1462283905562726401,Sun Nov 21 04:57:05 +0000 2021,"@NoSoyLaTostada @_il_diavolo jajajaja solo es para el afeminado ese obvio tu nunca",1
1462137535753330702,Sat Nov 20 19:15:28 +0000 2021,@OIZuluaga #ZuluagaPresidente y que nos salve de la arepera hpta de @ClaudiaLopez,1
1462218302571397121,Sun Nov 21 00:36:24 +0000 2021,@OIZuluaga @ClaudiaLopez lo prometió pero no cumplió... Como raro arepera hp7a,1
1462202640436273155,Sat Nov 20 23:34:10 +0000 2021,@OIZuluaga Que excelente propuesta lo que no pudo hacer ni peñalosa ni la arepera @ClaudiaLopez,1
1462838772010299395,Mon Nov 22 17:41:56 +0000 2021,@OIZuluaga Viejo marica!!! Ya tiene a los santistas que conformarían su gobierno!!!!,1
1462424056209281025,Sun Nov 21 14:14:00 +0000 2021,"@OlgayCarlos2 Hay que ser imbecil pagar una entrada para luego hacerte el malo malísimo del orgullo gay.... en fin",1
1462469570808193027,Sun Nov 21 17:14:51 +0000 2021,@OOCprogresismo Vocera de matrimonio gay usando matrimonio gay como insulto... cagada épica hizo la pobrecita,0
1462456614070276098,Sun Nov 21 16:23:22 +0000 2021,@Pankioman Matrimonio gay gratis y obligatorio,1
1462839549709664256,Mon Nov 22 17:45:01 +0000 2021,@PaolaHolguin @CeDemocratico @OIZuluaga Por ese marica tibio igual a duque apoyador de la jep no voto viva @MariaFdaCabal !,1
1462841424215515136,Mon Nov 22 17:52:28 +0000 2021,@PaolaHolguin Le están preparando el camino a Gutiérrez con el sacrificio del pobre marica de Zuluaga en primera vuelta.,1
1462544268820574215,Sun Nov 21 22:11:41 +0000 2021,"@patriisaezz_ y no me arrepiento de nada de ser bollera digo.",0
1462811389718937603,Mon Nov 22 15:53:07 +0000 2021,@PaulitroSaaved1 @tere_marinovic Jajja escondete mejor maricón pasao a pedo... Te van a faltar alcantarillado para esconderte rata inmunda.,1
1462552777230589952,Sun Nov 21 22:45:29 +0000 2021,"@pedroferriz3 A tu mujer???? La neta sorry pero pensé que por la cara era un travesti operadocon silicona en el tiramaiz.",1
1462536448318529546,Sun Nov 21 21:40:36 +0000 2021,@pedroferriz3 Esta bien el travesti,1
1462545133954486277,Sun Nov 21 22:15:07 +0000 2021,@pedroferriz3 No mames es que parece travesti jaja,1
1462542895748030474,Sun Nov 21 22:06:13 +0000 2021,@pedroferriz3 otro travesti???,1
1462443191152652299,Sun Nov 21 15:30:02 +0000 2021,"@pedroferriz3 Podrás postear fotos con mujeres bellas  pero tu forma de pararte muy afeminado dice otra cosa.",1
1462555939618361348,Sun Nov 21 22:58:03 +0000 2021,@pedroferriz3 Te empinó el travesti ese ?,1
1462231431367643142,Sun Nov 21 01:28:34 +0000 2021,"@pizza_jhut El Batman afeminado con traje con relleno???? Ay Pete",1
1462234915446173696,Sun Nov 21 01:42:25 +0000 2021,@pizza_jhut El Batman más afeminado de la historia,1
1462811329153179656,Mon Nov 22 15:52:53 +0000 2021,@populares @pablocasado_ Y lo dijo a la salida de una misa por el unihuevo maricón??,1
1462435334290034694,Sun Nov 21 14:58:49 +0000 2021,@queladilIa Vaya a un desfile de orgullo gay y vea como los niños tienen que ver sus miserias,1
1462244951085961216,Sun Nov 21 02:22:18 +0000 2021,@Robin78Gamer @ilesuxz @Entey01 ile no es tan afeminado. Esta obsesionado con la maid peliazul,1
1462841558458372104,Mon Nov 22 17:53:00 +0000 2021,"@semarco Defensor de los derechos humanos tú lo que eres una puta lame culos del régimen de mierda que defiendes pedazo de marica.",1
1462842940317831168,Mon Nov 22 17:58:29 +0000 2021,"@SimonLevyMx Te reto a patear la puerta de mi depto estoy justo arriba marica de mierda!!",1
1462112509196791808,Sat Nov 20 17:36:01 +0000 2021,@SpicyCherrys Gay afeminado,1
1462838211407925260,Mon Nov 22 17:39:42 +0000 2021,"@SraPatria Es que no es porque sea homosexual es por es marica chupamonda",1
1462065789251452934,Sat Nov 20 14:30:22 +0000 2021,@thecliniccl El matrimonio no es para personas gay. Acuerdo de unión civil y punto.,1
1462061883419242507,Sat Nov 20 14:14:51 +0000 2021,"@todonoticias pero si hace poco tuvieron la marcha del orgullo gay cuantos dias van a tener estos maricones??",1
1462843116558376967,Mon Nov 22 17:59:11 +0000 2021,@VLADDO Uy marica el dóble de @petrogustavo,0
1462552253466877961,Sun Nov 21 22:43:24 +0000 2021,@waraujo64 @RuthGut09430327 @FMLNoficial Puro papayste ha de fumar este travesti,1
1462484278797750272,Sun Nov 21 18:13:18 +0000 2021,@WendyVillanu Xke no te llegan los mensajes machorra,1
1462443719077113866,Sun Nov 21 15:32:08 +0000 2021,@wgomezr Verte a ti afeminado es ignorancia x q ni para la 18 sirves delincuente sinverguenza,1
1462199833645793280,Sat Nov 20 23:23:01 +0000 2021,"@whothefvckismia AY AY  yo salí del closet con mi mamá para el mes del orgullo gay ja mira que original que soy",0
1462439521107259399,Sun Nov 21 15:15:27 +0000 2021,@wilfridolaz X lo menos hay la duda en tu caso me imagino eres la mezcla de gallina y borrego definición pillo y afeminado,1
1450068051517390853,Mon Oct 18 11:55:39 +0000 2021,¡¡ Que tal !! Una "Arepera" de presidente !! Colombia se voltearia al reves !!!!?,1
1452667415628636160,Mon Oct 25 16:04:35 +0000 2021,¿Peleandome con señores en un grupo de fans de los Miami Dolphins para defender a una mujer trans? CLARO QUE SI,0
1457576157189050372,Mon Nov 08 05:10:10 +0000 2021,¿Y esa Paulina porque le llora tanto a Briseida?¿Es machorra y le gusta tallar pelucas? #ElEliminadoEs,1
1452667796022833169,Mon Oct 25 16:06:06 +0000 2021,¿Ya puedo hablar de la realidad trans entonces? Gracias:3,0
1452666705621233673,Mon Oct 25 16:01:46 +0000 2021,""Debemos ponerle un alto a los discursos de odio e insistir en las leyes de identidad de genero somos varias personas...",0
1462155370495807491,Sat Nov 20 20:26:20 +0000 2021,"“Soy Gryffindor capullo y soy Sirius. Así que no me asusto de nada. Y menos de ti que eres un enclenque. Y un flacucho. Y un empollón. Afeminado. Y eres Remus.”",1
1462735285008142337,Mon Nov 22 10:50:42 +0000 2021,“Ta bien chula bien preciosa bien hermosa nomás que yo siento como que es machorra”-chapa 2021,1
1457085775367995393,Sat Nov 06 20:41:34 +0000 2021,"1. Las lesbianas NO SON UN FETICHE2. ninguna lesbiana quiere ser tocada por un hombre y mucho menos si ese hombre es ANUEL",0
1457697496793182213,Mon Nov 08 13:12:20 +0000 2021,A cierto vos sos MACHORRA,1
1456423864154603526,Fri Nov 05 00:51:22 +0000 2021,A esa arepera le quedo grande bogota,1
1456998940012945408,Sat Nov 06 14:56:31 +0000 2021,"A eso me refiero con evitar políticas partidarias que no suman nada a la marcha (de hecho dividen). El objetivo es generar conciencia en la sociedad y que deje de haber homo odio trans odio y temor. Al menos ese es mi punto de vista",0
1462408977593950213,Sun Nov 21 13:14:05 +0000 2021,"A quien le importa el matrimonio gay hay problemas más importantes aparte ahora las parejas no se casan seamos objetivos paren con la tonteraigual que el aborto porque mejor sea gratis tratamiento de niños con cáncer eso son cosas importantes",1
1462837582530756612,Mon Nov 22 17:37:12 +0000 2021,"A veces sólo hay que limpiarse las lágrimas decir “parezco marica” para forjar el carácter y seguir como si nada",0
1462461509494263816,Sun Nov 21 16:42:49 +0000 2021,"Acá si estaba bien machorra doble cara inmoral CDTM",1
1462634458289430532,Mon Nov 22 04:10:03 +0000 2021,Ahora que tengo tatuado el cuello y un nudillo sí me siento bien lesbiana machorra ruda.,1
1450133945887117315,Mon Oct 18 16:17:29 +0000 2021,Ahora resulta que decir menos fuerza que el pedo de un marica tambien esta mal,1
1457027674040414212,Sat Nov 06 16:50:42 +0000 2021,"Al final es mejor que tengan sus asuntos y es bueno que vayan donde se sienten bien y bienvenidos yo no iría a una barbería gay entonces entiendo su punto. Es más todos debemos apoyar lo que creemos.",0
1451244465981739016,Thu Oct 21 17:50:18 +0000 2021,Al otro lo echaron por marica,1
1457028466126295047,Sat Nov 06 16:53:51 +0000 2021,Angelina jolie hizo más que eso. Insulto a todas las personas que se sienten incómodas con esas escenas. Hasta yo siendo gay (y docente de ética) veo que si hubo un ataque acá fue desde la postura lgbt. Se dicen víctimas y son los peores,0
1462430203553189893,Sun Nov 21 14:38:25 +0000 2021,APARTATE MAS @LandoNorris CAGON QUE ERES UN AFEMINADO,1
1457525799825903619,Mon Nov 08 01:50:04 +0000 2021,"Aqui el unico que sabe de futbol soy yo que la mame la machorra",1
1457083203911618571,Sat Nov 06 20:31:21 +0000 2021,aqui como buena lesbiana catolica en la iglesia,0
1457333800837554178,Sun Nov 07 13:07:08 +0000 2021,Arepera hijueputa hasta cuándo,1
1457712468516540416,Mon Nov 08 14:11:50 +0000 2021,Arriba España y muerte a los maricones,1
1462474647304351748,Sun Nov 21 17:35:02 +0000 2021,"Aunque bajo de peso no deja de ser afeminado corriente y vulgar! Tan simple que es.",1
1451243627057909761,Thu Oct 21 17:46:58 +0000 2021,autokid claro que la veía pero drogado como el ammor del calabozo y las furgonetas del ateam aunque con conflictivos scobedoo ya pero y el cantante marica mariachis jesus está teniendo pesadillas con perreros y los de mataderos,1
1452667073583370242,Mon Oct 25 16:03:14 +0000 2021,Ayudenme etiquetando o poniendome en contacto con mujeres que viven con VIH (mujeres cis y trans).,0
1462524298732711943,Sun Nov 21 20:52:19 +0000 2021,"Ayer vi a tantas travesti tan chimbas únicas talentosas parchadas que uffffffffff me llena el corazón ver la escena drag de Medellín ¡somos tanto!",0
1451246483194404869,Thu Oct 21 17:58:19 +0000 2021,Ayy marica! Gane el premio Distrital de dramaturgia Teatro en Estudio! No saben lo feliz que estoy!,0
1451355144306761737,Fri Oct 22 01:10:05 +0000 2021,"Bien bajito de sal este man si se pone andar reparando uñas y pies en una mujer los varones pillamos otro tipo de vainas primero.",1
1457435154444587017,Sun Nov 07 19:49:53 +0000 2021,Bien machorra...parecia hombre en el video,1
1456364145851486214,Thu Nov 04 20:54:04 +0000 2021,Bobito mejor ocupese de su ciudad que bien mal que la tiene la arepera que tienen como alcaldesa,1
1462139524159520773,Sat Nov 20 19:23:22 +0000 2021,"Bobo maricon amenazando? Como fue pues donde lo busco uribertos afeminado",1
1450139984141357060,Mon Oct 18 16:41:29 +0000 2021,buen dia marica,1
1452647858486841344,Mon Oct 25 14:46:53 +0000 2021,bueno no era para tanto maricon de mierda,1
1457712696091160577,Mon Nov 08 14:12:44 +0000 2021,"Cada dia mas maricon este viejo chuchumeco mezcla colores.",1
1450138009387548674,Mon Oct 18 16:40:48 +0000 2021,Cada vez que me identifico con alguna posicion de un signo en mi carta una pana me dice: MARICA PERO ES QUE TU ERES...,0
1462443501673713678,Sun Nov 21 15:31:16 +0000 2021,Care marika desubicado anda que te sigan dando por el jopo afeminado igualado con las mujeres edwarda la femeniuribestia de las mil care atronado lo que te falta es una mano de como quiera cagado.,1
1462811045454655504,Mon Nov 22 15:51:45 +0000 2021,"chica aunque no se deba oprimir a ninguno por sus gustos porque a la chica se le trata como a una y al chico como un ""maricón"" Simplemente no entiendo la educación que se le da a aquellos que oprimen a estos ni que tienen en la cabeza pero bueno que opinan al respecto?",0
1450173666004721672,Mon Oct 18 18:55:19 +0000 2021,chupala maricon de mierda,1
1450137486131347460,Mon Oct 18 16:31:33 +0000 2021,comentame no seas marica y deja de mandarme indirectas cara de culo,1
1462453515234811906,Sun Nov 21 16:11:03 +0000 2021,"Comentario inapropiado racistaComo inapropiado es que una negra sea la actriz que hace ese personaje histórico.Imagina que a Franco lo interpreta un tipo afeminado y gay...Bueno no no imagines.",1
1452647642589274118,Mon Oct 25 14:46:01 +0000 2021,Como me estresa el maricon de oscar,1
1462439986872127489,Sun Nov 21 15:17:18 +0000 2021,"Como olvidar cuando la vecina estaba peleando con su pajarita por no tener bebés aún y le dijo que era “machorra” y estaba pendeja JAJAJAJA esta gente loca si dio miedo",0
1462114760426725380,Sat Nov 20 17:44:58 +0000 2021,Como quiero que sea legal el matrimonio gay las fiestas de bodas de los heteros son demasiado aburridas,0
1452666914388549632,Mon Oct 25 16:02:36 +0000 2021,"Construimos con el equipo de campaña un plan de seguridad para mitigar factores de riesgo ante la violencia. La experiencia de vida de las personas trans nos hace tener estas herramientas y estrategias de prevención de violencia.",0
1452667019841601538,Mon Oct 25 16:03:01 +0000 2021,"Creo que esta demás separar a las personas trans e intersexuales al final del día son mujeres hombres o personas no binarias hacer la especificación de que son trans solo estimagtiza a las personas.",0
1457719495041044482,Mon Nov 08 14:39:45 +0000 2021,Cállate de un sola vez marica de mierda sin vergüenza escondido deberías estar mal nacido ladrón,1
1461909717744246786,Sat Nov 20 04:10:12 +0000 2021,"De comer los fines de semana en un restaurante ir rumba y luego comer sabroso en una arepera comprar ropa... En fin . Ahora ni de vaina.",0
1450139813303160838,Mon Oct 18 16:40:48 +0000 2021,De que educacion hablas subnormal si estas usando marica como insulto,0
1452666838912016394,Mon Oct 25 16:02:18 +0000 2021,"Debemos ponerle un alto a los discursos de odio e insistir en las leyes de identidad de género somos varias personas trans que votamos y tenemos agendas. Además de llegar a otros territorios con el Protocolo de #VotoTrans",0
1450194637507923978,Mon Oct 18 20:18:39 +0000 2021,"Decir lesbiana no es faltarle el respeto a nadie negarle derechos a quienes lo son SI.",0
1450134237970145280,Mon Oct 18 16:18:39 +0000 2021,Desde el 2018 sin tener novia jaja mi mama va pensar que soy marica :'(,1
1450479143657803777,Tue Oct 19 15:09:11 +0000 2021,desde q le dije a N que soy bisexual me manda fotos de chicas lindas preguntandome si me gustan JASJASJASJASA,0
1450173908573949954,Mon Oct 18 18:56:17 +0000 2021,desde un punto de vista maricon no de friki del psoe eh,1
1462550709665214464,Sun Nov 21 22:37:16 +0000 2021,"Dolores Vázquez: me decían bollería lesbiana y sin ser nada de eso yo. Señora vale que usted no sea una asesina pero es una bollera como la copa de un pino",1
1452668333325684743,Mon Oct 25 16:08:14 +0000 2021,"E insultar a las personas trans e ignorar que los hombres trans existen gente que en teoría deberíais mínimo tener algo de aprecio ya que han sido compañeras y que a las escupís sin ningún tipo de reparo.",0
1462544405953318918,Sun Nov 21 22:12:13 +0000 2021,"eehh me ha escrito una chaval diciéndome que me vio ayer y le guste le he dicho que soy bollera y me ha puesto que mejor.ante esta situación yo que hago?",0
1452666684016365574,Mon Oct 25 16:01:41 +0000 2021,"El 25% de las mujeres trans han sido agredidas en el contexto político lo cuál muestra que no somos bienvenidas pero nosotras no nos vamos a rendir y seguiremos dando la lucha en las elecciones para transformar estas realidades",0
1457087237653364740,Sat Nov 06 20:47:23 +0000 2021,"El cigarro es legal y yo no fumo. Estoy a favor del aborto y nunca he abortado ( al contrario deseo ser mamá) apoyo las relaciones entre parejas del mismo sexo y no soy lesbiana. El hecho de que legalicen las cosas no significa que yo me voy a ver obligada a hacerlo.",0
1462171070098812933,Sat Nov 20 21:28:43 +0000 2021,"El día de los del orgullo Gay el día del trans demasiado obsesión por validar y hacer ver normal todo no respetan la opinión de lo heterosexuales, no hay día de orgullo heterosexual no faltara quien se ofenda porque exigen tolerancia los intolerantes",1
1450209248349233156,Mon Oct 18 21:16:43 +0000 2021,El Feminismo = Mujeres TRANS nuestra visibilidad no es moda es un DERECHO @Mx_Diputados @MorenaSenadores #hastaqueladigni...,0
1452647722180222978,Mon Oct 25 14:46:20 +0000 2021,El maricon del curso,1
1456815408225427459,Sat Nov 06 02:47:14 +0000 2021,"El propósito es recoger todo el dinero posible para tapar el hueco de lo que se robaron y malgastaron en pandemia hacerle la venía a la arepera Lopez y el roscón Anibal el mero politiquero de q trabaja por sus propios intereses y la ciudadanía que se joda",1
1462808831617028102,Mon Nov 22 15:42:57 +0000 2021,El puto mdlr al que le he repartido hoy me ha dado dislike. Mal puñalada te den en la punta maricon,1
1452667840788586500,Mon Oct 25 16:06:17 +0000 2021,"El radfem es una ideología que a ti te apetezca llamarlo religión no lo hace real. Y no la mayoría que detransisiona no lo hace en nombre de un dios. El discurso trans se ha vuelto delusivo. Las personas trans antes sabían lo que eran y lo que querían ser.",0
1461893891624370183,Sat Nov 20 23:54:18 +0000 2021,"El sueño de cualquier mexicano es llevar a tus crías a una lucha libre del pueblo y que un luchador exótico (gay) se aviente un vuelo desde la tercera cuerda que caiga en tus piernas se te siente y te de un beso en la mejilla. Eso para tus hijos es un orgullo.",1
1457531271517769729,Mon Nov 08 02:11:49 +0000 2021,"El viejo tiene que volver junto con alvaro rius pero el desgraciado de 
@tulioagomez
 prefiere dejar al borracho de Osorio y tener en la junta directiva a Andrés usme y a la arepera de marcela gomez",1
1452668455187095559,Mon Oct 25 16:08:43 +0000 2021,"El único objetivo de la Ley que ha presentado hoy Vox: derogar la ley LGTBI y la Ley Trans de la Comunidad de Madrid. Ayuso ya ha amenazado con ello muchas veces ahora van a intentar hacerlo realidad.",0
1452666693650636809,Mon Oct 25 16:01:43 +0000 2021,"En Brasil muchos partidos políticos cierran la puerta a las mujeres trans afro. Es importante también la cuestión de respaldo de mujeres trans elegidas que reciben amenazas todos los días",0
1462573748415090692,Mon Nov 22 00:08:49 +0000 2021,En chinga con el kara de machorra,1
1452666982566924296,Mon Oct 25 16:02:52 +0000 2021,"En la Ciudad de México tenemos una sociedad de privilegios y otras marginalidades. Y si lo llevamos a otras realidades como Veracruz: hay crímenes de odio contra mujeres trans que suceden en espacios de pobreza",0
1452666741130240001,Mon Oct 25 16:01:54 +0000 2021,"En mi experiencia como lideresa trans y candidata al parlamento centroamericano como mujer trans solo podía usar mís apellidos durante la campaña electoral. Son medidas afirmativas que hay que luchar por mantenerlas",0
1452666828187131905,Mon Oct 25 16:02:15 +0000 2021,"En Perú no se reconoce la identidad trans no hay marco legal a pesar de leyes internacionales",0
1462460141391908868,Sun Nov 21 16:37:23 +0000 2021,"En que momento se le dio más importancia al aborto libre y matrimonio gay para elegir un Pte?? Que cuatico ver como muchos olvidaron las cosas realmente importantes. He leído muchos mensajes solo hablando de estos temas como pudieron desviar tanto su atención…
",1
1450299807646556161,Tue Oct 19 03:16:34 +0000 2021,Errda si es cagasten,1
1462809320735789068,Mon Nov 22 15:44:54 +0000 2021,ES LO MÁS MARICON Q LEÍ EN EL AÑO,1
1452655524818800641,Mon Oct 25 15:17:20 +0000 2021,"Es que soy bisexual pero los hombres me aburren y las pibas me cansan.... me voy a hacer alcoholica esa nunca me falla.",0
1462137080792772610,Sat Nov 20 19:13:39 +0000 2021,Es una revista del orgullo gay?,0
1462135943838711808,Sat Nov 20 19:48:05 +0000 2021,Es una vergüenza. Me canso de leer a diario en mi localidad " militares asesinos". Lleva años la puta pintada. Pero si se estropean esos bancos pintados con la bandera del orgullo gay...lo limpia el alcalde con su lengua y su saliba.,1
1457008194555760640,Sat Nov 06 15:33:18 +0000 2021,"Esa gente que pertenece a una minoría o colectivo oprimido (ej homo/bi/sexuales etc etc) y cree que tiene un pase libre para burlarse de otras minorías (ej racializados o migrantes) COLIMBA.",0
1462121789010714630,Sat Nov 20 18:12:54 +0000 2021,Escucha una cosa…como el canijo afeminado esté se pudo hacer con el control de un país cómo España…si de un guantazo lo envías de viaje astral… Que daño nos a hecho la leyenda negra…,1
1457128172546318340,Sat Nov 06 23:30:03 +0000 2021,Ese animador esta bajito de sal....,1
1462841903674703878,Mon Nov 22 17:54:22 +0000 2021,Ese duro momento donde uno no alcanza a hacerse el marica y le toca saludar jajajajajaja,0
1452389862250848268,Sun Oct 24 21:41:41 +0000 2021,Ese man es bajito de sal,1
1451755664259358720,Sat Oct 23 03:41:37 +0000 2021,Ese pelao es como bajito de sal,1
1456007624856678407,Wed Nov 03 21:17:23 +0000 2021,Ese Spike Spiegel del live action de @CowboyBebop en netflix esta bajito en sal,1
1457700125866876933,Mon Nov 08 13:22:47 +0000 2021,"Eso es problema tuyo cosetelo pero una cosa es tu opinión y pensamientos que no son únicos y otro la realidad a lo mejor por tu respuestas se puede pensar que tú eres un poco machorra por eso odias y tratas de rediculizar a los hombres",1
1456389425370439686,Thu Nov 04 22:34:32 +0000 2021,"Eso le pasa a miles de bogotanos por elegir a una arepera izquierdosa inútil y bipolar se dejaron llevar por lo exótico y no votaron por #MiguelUribe que si hubiera sacado adelante la ciudad.. #BogotáSinAlcalde #ClaudiaRenuncie #Bogota #4Nov",1
1462063154649784336,Sat Nov 20 14:19:54 +0000 2021,"Espero salgamos todos a las calles como si fuera 12 de diciembre un partido de fut un artista un acto feminista o el mes del orgullo gay cuando tengamos que salir a exigir que #ReformaElectricaVa y que no aceptaremos algo contrario al interés seguridad y soberanía nacional",0
1451610372193009664,Fri Oct 22 18:04:17 +0000 2021,Este bajito de sal con sus babosadas y su doble moral ¿Gavilán o paloma?,1
1455632054909997508,Tue Nov 02 20:25:00 +0000 2021,Este cagasten de bayer Jajajaja monte una peluqueria mejor y echa chismes,1
1456807658984443906,Sat Nov 06 02:16:26 +0000 2021,"Este man esta como bajito de sal hace rato covid bendito!",1
1462841699361820680,Mon Nov 22 17:53:34 +0000 2021,Este marica cree que los muertos sudan.,1
1450211097227759626,Mon Oct 18 13:06:16 +0000 2021,"Este miércoles #20Oct tenemos grupo de apoyo REFUGIO DE SUEÑOS para personas trans queers y no binarias en #Caracas un espacio seguro y de acompañamiento psicosocial y libre de discriminación ",0
1462142897055281163,Sat Nov 20 19:36:46 +0000 2021,Estoy viendo un nuevo documental del orgullo gay y sinceramente mi corazón no puede llorar más,0
1457028837129261066,Sat Nov 06 16:55:19 +0000 2021,"Eternals estuvo palomera poca relevancia de trama para el universo de marvel y la escena del beso gay tan criticada dura 0.3 segundos y es un beso de piquito (puro ultra conservador exagerando siempre).",0
1462809034332024849,Tue Feb 25 15:30:37 +0000 2020,feliz cum al maricon del añooo @14_lucs,1
1457028981631315968,Sat Nov 06 16:55:54 +0000 2021,Feliz dia del orgullo gay! Felicidades que tengan una buena marcha con mucho orgullo!,0
1450175029346553856,Mon Oct 18 19:00:44 +0000 2021,"Futbolero maricon peinado trolls lame culo del banquero moribundo en 2 meses esta afuera PANDORA",1
1457710857337638918,Mon Nov 08 14:05:26 +0000 2021,gay = maricon muerde almohadas chupapingas helado chorreado araña espaldas arroz quemado nicolas,1
1462444743644921858,Sun Nov 21 15:36:12 +0000 2021,Gol del afeminado,1
1450175086363824129,Mon Oct 18 19:00:58 +0000 2021,Gordo espantoso y cara de maricon .... tienes q ser del cartel de las locas ... osea las de mameluco y todos sus maricones ....,1
1462455759174701061,Sun Nov 21 16:19:58 +0000 2021,"Grupo Firme es de música banda y está pegando durísimo con todos los heteros y pues nada uno de los vocalistas es gay y en un concierto su pareja le pidió matrimonio.",0
1450137796191129606,Mon Oct 18 16:32:47 +0000 2021,Hagase la marica JJAJAJA,0
1452668477265821698,Mon Oct 25 16:08:48 +0000 2021,"Ha muerto Laura Frenchkiss la actriz que interpretó a la amiga de Cristina Ortiz en Veneno. Fue una mujer trans que sufrió la represión del franquismo pero sobrevivió a Franco al crack y al sida como decía en su cuenta de Instagram",0
1456937844530876418,Sat Nov 06 10:53:45 +0000 2021,Hagamos lo mismo con la arepera @ClaudiaLopez,1
1450482557812871169,Tue Oct 19 15:22:45 +0000 2021,Han pasado años bromeando sobre como Henry Cavill los hace dudar de su sexualidad pero en el momento en que deciden hacer un Superman bisexual les molesta En fin...,0
1457653070683328516,Mon Nov 08 10:15:48 +0000 2021,Hasta lo machorra de closet le saco.. me imagino que le despeluco la guajolota a la pobre de azul a lenguetazos,1
1461988774360100869,Sat Nov 20 09:24:20 +0000 2021,"Hay día de todo hasta del orgullo gay, cuál es el problema o conflicto que haya día del hombre? Felicidades a todos mis familiares amigos conocidos y sobre todo a mis hermanos que son HOMBRES así con mayúsculas porque son buenos hijos padres amigos honestos trabajadores.",1
1462843179242332162,Mon Nov 22 17:59:26 +0000 2021,Hay gente que es tan marica que la coca cola /pepsi les sabe diferente depende del pais que la tomen!Imaginate si le cambian el nombre? Quizas en su mente es un producto distinto 100%,0
1462810117250985993,Mon Nov 22 15:48:04 +0000 2021,"Hay mucha agresión de todos los sectores  y es cosa de ver los comentarios que reciben varios por opinar distinto. Hace poco leí a un tipo que le escribió a otro muérete maricon por que iba a votar por Kast. El problema es transversal y anda mucho loco suelto",1
1462294167451807744,Sun Nov 21 05:37:52 +0000 2021,"Hay psicopatas violadores maltratadores gays y lesbianas .. no es superior ser gay hetero o trans ..  su preferencia sexual es aparte pero no se victimicen ni pidan derechos especiales por que ni los down lo hacen .. yo no necesito un día del orgullo hetero ..",1
1452666730237632518,Mon Oct 25 16:01:52 +0000 2021,Hay que buscar los mecanismos legales en cada país que permitan respetar la identidad de género de las personas trans,0
1462015873678467079,Sat Nov 20 11:12:01 +0000 2021,"Hay que ver la pluma que tenía Franco… si en aquellos años hubiera existido el desfile del Orgullo Gay él habría participado de incógnito.",1
1450486896178704385,Tue Oct 19 15:39:59 +0000 2021,"Hola soy Logan Hawk me gusta la musica soy bisexual y espero conseguir amigos aqui den rt.",0
1457071367388495874,Sat Nov 06 19:44:19 +0000 2021,"Horacio es bisexual no coqueteador compulsivo no se quiere coger con cada persona que se cruza",0
1455901387351592961,Wed Nov 03 14:15:14 +0000 2021,Hostia point estas demostrando q tienes miedo tio brutal vez loq ocurre ahora estas bajito de sal tio,1
1462548039881707522,Sun Nov 21 22:26:40 +0000 2021,iba de travesti en el bus y me ha visto mi hermano,0
1462172329446981632,Sat Nov 20 21:33:43 +0000 2021,"Ilias Pedri y Gavi después del partido se quedarán a esnifar pegamento. A Riqui Puig no le aceptan porque le ven demasiado afeminado.",1
1452648646495907849,Mon Oct 25 14:50:00 +0000 2021,Jajaja cuando Javier acepte q tiene un hijo maricon entonces jajaja,1
1452648567256977411,Mon Oct 25 14:49:41 +0000 2021,Jajaja ese maricon hdspm,1
1450131482404478978,Mon Oct 18 16:07:42 +0000 2021,Jajajajaja ahora resulta que una operacion al hombro y la cadera. Reverenda marica resulto ser ese remedo de hombre.,1
1456949033818378245,Sat Nov 06 11:38:13 +0000 2021,Jejejejejjejejejejejjee y sigue llorando este pobre rolito ? Pobre pelao debe estar ardiéndome el hoyo de  la clavada que le pegaron y ahora quiere más ? Jejejejejeje bajito el sal y chillon ! Jejejejejejeje pobre pelao no tiene dignidad.,1
1462032310627450882,Sat Nov 20 12:17:20 +0000 2021,"Joder el orgullo Gay deja en Madrid millones y millones de euros y puestos de trabajo vosotros solo dejáis ruina",0
1462086274806951938,Sat Nov 20 15:51:46 +0000 2021,"Kast no es homofóbico porque “algunos gay lo apoyan” pero no aprueba matrimonio igualitario no aprueba adopción homoparental no tiene propuesta para la comunidad LGBTQI + .",0
1462190546273796096,Sat Nov 20 22:46:07 +0000 2021,"Kjjjjj me vine a comprar un tupper y me crucé con la marcha del orgullo gay literalmente este",0
1457350729673367552,Sun Nov 07 14:14:24 +0000 2021,La arepera si que salio severa destructora. Jajajajajajaja,1
1462418256363495426,Sun Nov 21 13:50:57 +0000 2021,"La impresentable del Mal pide bozales en Navidad en la calle obligatori Yo los pido en Ramadán 8M orgullo gay y demás fiestas “modernas” NO van a parar hasta q jodernos las fiestas",1
1462520452644024330,Sun Nov 21 20:37:02 +0000 2021,"LA MENTE DE LA IZQUIERDA: Un musulmán travesti practicándole un aborto a una feminista revolucionaria pro LGTBI mientras le da por detrás un moreno comunista.",1
1452667297923993610,Mon Oct 25 16:04:07 +0000 2021,"La pandemia del Covid nos demostró situaciones de despido hacia personas trans por cuestiones de prejuicio, situaciones de despojo por la muerte y enfermedad de parejas, el encierro permanente con personas que son las torturadoras donde habita el odio y la violencia",0
1450396705170632708,Tue Oct 19 09:41:36 +0000 2021,"La verdad es que si me tuviera que definir de alguna manera... diría que soy Pansexual con fantasías muy locas... el amor es amor al final y al cabo. Así que salgan al mundo y amen a quien quieran como quieran! #Elamoresamor",0
1457028114387808256,Sat Nov 06 16:52:27 +0000 2021,"Lamentablemente muchos siguen esos estereotipos donde si no eres fit drogadicta y posona no perteneces al ""colectivo gay"" gracias a los Dioses también se están rompiendo esos estereotipos tan patéticos",0
1462637442192789508,Mon Nov 22 04:21:55 +0000 2021,Laotra me parece machorra,1
1462124445833781259,Sat Nov 20 18:23:27 +0000 2021,Las morras girly af que se llaman a si mismas machorras solo porque se ponen gorra alrevez y tennis jajajaja la apropiación cultural ojo chica,0
1450210119397019651,Mon Oct 18 21:20:10 +0000 2021,las mujeres trans son capaces de obligarte y tratarte de trabsfobica si una como lesbiana no quiere estar con ellas,0
1450136226749616135,Mon Oct 18 16:26:33 +0000 2021,Las otras 13 estrellas no cuentan o que? Bobo marica.,1
1452666765838798857,Mon Oct 25 16:02:00 +0000 2021,"Las personas trans no solo debemos existir para votar sino en los cargos públicos. Necesitamos abrir espacios para poder tener diálogos entre iguales para cambiar toda una estructura",0
1451601256607272965,Mon Oct 25 16:01:57 +0000 2021,"Las personas trans recibimos violencias por parte de las instituciones que esta encargadas de procesos de participación política. No es fácil ser una persona diversa en partidos políticos progresistas porque se nota cierta incomodidad",0
1452666806821441554,Mon Oct 25 16:02:10 +0000 2021,Las personas trans somos sujetos de derechos,0
1451245379748569092,Thu Oct 21 17:53:56 +0000 2021,"Le di una buena limosna a una viejita que siempre veo en el portal y ni gracias me dio la marica.",1
1449931595906011137,Mon Oct 18 02:53:25 +0000 2021,Linda la prepago....como toda paisa ...lindas y bien Brutas perdón (Pu**s) Medellín el Prostíbulo más grande del mundo.. Porque en Medellín la que No es Prepago es Arepera ...,1
1451218947639029763,Thu Oct 21 16:08:54 +0000 2021,"Llamar a una persona homosexual ""maricón boyera  travelo..."" Es homófobo. Dar por sentado que la calidad de una persona como actriz/ actor se reduce a su orientación sexual o a la de sus seguidores es homófobo.",0
1456824445105057793,Sat Nov 06 03:23:08 +0000 2021,Llamen a Claudia Lopez  q responda la inepta arepera,1
1452668346571370503,Mon Oct 25 16:08:17 +0000 2021,"Lo celebramos: se levanta la retirada de los libros LGTBI en Castellón porque no había ninguna prueba entre ellos «Después de lo trans».",0
1462098999788322825,Sat Nov 20 16:42:20 +0000 2021,"Lo de la policía es igual o tan ignorante como los gays que usan imágenes del che en sus camisetas y banderas el día del orgullo gay.",1
1450829797765099524,Wed Oct 20 14:22:33 +0000 2021,Lo malo de poner el insta publico es la escribiera que le cae a los cagasten,1
1457373795254210562,Sun Nov 07 15:46:04 +0000 2021,"Lo malo q es machorra  si le gustaran los hombres seria perfecta.!!!!",1
1457085120389779458,Sat Nov 06 20:38:58 +0000 2021,lo q mas me jode de ser una lesbiana oprimida q no ha tenido nunca novia no es el no tener aceptación social si no no poder sentirme identificada con red tv,0
1462238596358885376,Sun Nov 21 01:57:03 +0000 2021,"Lo que es ser laburante mugroso afeminado los rojetes como vos no saben que es cotizar. Anda a deconstruirte enano es para lo único que sirves.",1
1450611495256068101,Tue Oct 19 23:55:06 +0000 2021,Lo sientes? El olor? No te pega? Pura cagasten JAJAJAAJAJAJ,1
1437534411784863750,Mon Sep 13 21:51:43 +0000 2021,Lo siento Francis ya no eres el más afeminado por aquí.¡Eso lo veremos!,0
1451213536437288961,Thu Oct 21 15:47:23 +0000 2021,"Los comunistas siempre han odiado a los homosexuales. No me extraña que digan que Franco fuese homosexual lo raro sería que no lo dijeran. Todo lo contrario de los dictadores comunistoides que violaban por sistema a las menores que se ponían a tir",0
1449911857326743556,Mon Oct 18 01:34:59 +0000 2021,Los jijueputas uribistas ahora dicen que la tierra està en manos de los pobres ! Se le olvidò a la jijueputa arepera uribista de la Cabal_Lota sostener que tambièn tienen PUERCOS & GANADO ! Puercos los calzoncillos & Ganado el cielo !,1
1457085397968855041,Sat Nov 06 20:40:04 +0000 2021,mas lesbiana despues de haber visto a Angelina en the eternals,0
1457027931092422659,Sat Nov 06 16:51:43 +0000 2021,Mala noticia seria que hubiera censurado la escena gay de la pelicula para vender,0
1452649208184508417,Mon Oct 25 14:52:14 +0000 2021,Maldito maricon,1
1452667720160489474,Mon Oct 25 16:05:48 +0000 2021,"Man me crucé a algunos así Y ME CAGA QUE HAGAN ESO SI SOS UN CHICO TRANS Y TE GUSTAN LAS CHICAS SOS HETERO LOL quizás se llaman así pq no quieren ser heteros pq de seguro tienen un complejo de sentirse ""menos especial"" cuando nadie es especial por pertenecer a cierto grupo",0
1462593998032363528,Mon Nov 22 01:29:17 +0000 2021,"Mancorona y ese imbécil deben más de lo que  dieron por mi que chinguen su madre junto a Reynoso y la machorra.",1
1449334578972344323,Sat Oct 16 11:21:05 +0000 2021,Mano dura de esa hpta alcaldesa arepera. Capturen esos vandalos de mierda y judicialicenslos,1
1450128646992191491,Mon Oct 18 15:56:26 +0000 2021,Marica donde venderan empanaditas por aca?,0
1450136603893112840,Mon Oct 18 16:28:03 +0000 2021,Marica feo hijo de su gran re puta madre,1
1451245396831911938,Thu Oct 21 17:54:00 +0000 2021,"Marica hay dias donde uno no se ubica no se siente no nada ..... Hoy es uno de ellos.",0
1451247236554403847,Thu Oct 21 18:01:18 +0000 2021,Marica lo que hay que hacer es enterarse de como se puede conectar un nodo de verdad!! El hardware son 10k o asi,0
1462837452385697795,Mon Nov 22 17:36:41 +0000 2021,"Marica me acaba de traquear el brazo mas bueno",0
1450134813227225091,Mon Oct 18 16:20:56 +0000 2021,"Marica me dio por creerle todo a mi ex al momento de buscarme y parce me pido perdon por creerle a esa mentira andante.",0
1450137674497540101,Mon Oct 18 16:32:18 +0000 2021,Marica mi yo de hace dos meses estaria totalmente decepcionada de mi entreno de hoy.,0
1450136539988627457,Mon Oct 18 16:27:48 +0000 2021,Marica Movistar me llama todos los dias a ofrecerme programas. Stoy mamada.,0
1462464778950131724,Mon Nov 22 17:55:47 +0000 2021,"Marica yo me pongo a pensar y para otros si hay tiempo si hay plata si hay espacios pero vaya sea con uno y no tienen nada de eso jajajaja pero bueno",0
1451245935833538565,Thu Oct 21 17:56:08 +0000 2021,Marica yo necesito que me hagan esas propuestas jajajajaja,0
1462839317844406272,Mon Nov 22 17:44:06 +0000 2021,"Marica yo soy ADICTO a tiktok pero MALL rehabilitación conmigo YA",0
1450135374391652360,Mon Oct 18 16:23:10 +0000 2021,"Marica jajajaja me he reido mucho con este tuit.",0
1451245889314504710,Thu Oct 21 17:55:57 +0000 2021,"Marica no se sienten el mal aliento? La gente si es puerca ole",0
1450174812001734659,Mon Oct 18 18:59:52 +0000 2021,"Maricon desviado sexual deberias estar en otra parte no en chile.En enfermo degenerado Chacho qlo.",1
1462244556284510215,Sun Nov 21 02:20:44 +0000 2021,maricon marica mariquita gay desviado homosexual invertido bujarra sarasa puto sodomita trolo bujarron julandron mariposon culero afeminado amariconado,1
1455686923213844480,Wed Nov 03 00:03:02 +0000 2021,Mas tarde se lo llevan para la baticueva y lo encienden a batipicha al cagasten,1
1462518064768069637,Sun Nov 21 20:27:33 +0000 2021,MDELTA?? FALSO ES UNA MISERABLE DELINCUENTE DE INFORMACIÓN ABORTISTA AL SERVICIO D LOS LADRONES DEL PODER DESDE HACE MÁS D 20AÑOS. SU PEOR CASTIGO Q SU HIJO SEA TRAVESTI X FALTA DE  AMOR MATERNO. SÓLO SU MAFIA D ODEBRECH LA ENDIOSA Y LOS IDIOTAS LE CREEN.,1
1457072611825958916,Sat Nov 06 19:49:16 +0000 2021,me acabo de acordar soy bisexual wtf me olvido me gustan los hombres hasta que veo a skz y nct,0
1457710318159859720,Mon Nov 08 14:03:17 +0000 2021,Me cago en tus muertos maricon,1
1462838405088350214,Mon Nov 22 17:40:28 +0000 2021,Me mama tanta marica excusa.,0
1462809134911221767,Mon Nov 22 15:44:10 +0000 2021,me preguntó si era en serio y después andaba maricón,1
1450126921690386433,Mon Oct 18 15:49:34 +0000 2021,Me recordo una amiguita del colegio que siempre decia: Marica que trauma!,0
1461988204735778825,Sat Nov 20 09:22:05 +0000 2021,Me urge que en Korea dejen de ser homofobes y aprueben el matrimonio gay.,0
1462839917013344270,Mon Nov 22 17:46:29 +0000 2021,Me voy a lavar el triple hijeuputa culo otra vez vida re marica la mía,1
1450174159993065477,Mon Oct 18 18:57:17 +0000 2021,merecido por maricon,1
1457086545526145027,Sat Nov 06 20:44:38 +0000 2021,Mi madre me ha vuelto a decir q si estoy SEGURA de que soy lesbiana ..???!???!?!?!?  SIMPLEMENTE PORQUE ?.  PARA :((,0
1462338515480551428,Sun Nov 21 08:34:05 +0000 2021,mi mamá dijo que voley me estaba sacando mucho músculos y que parezco una machorra,0
1457083530479947776,Sat Nov 06 20:32:39 +0000 2021,Mi meta era ser la lesbiana más rosada y creo que lo logré #MarchaDelOrgullo,0
1462130880223318017,Sat Nov 20 18:49:01 +0000 2021,"Mi niño hermoso con su banderita de orgullo gay <3<3<3 Quería hacer un dibujo más complex con su novio pero no se me da eso de dibujar personas rudas aa",0
1450210031610310662,Mon Oct 18 21:19:49 +0000 2021,"Mi perfil empatiza PRIMERO con la gente de mi barrio con las trabajadoras sexuales con las y los trans con la gente de la calle con los que venden en el tianguis con las ancianas y los ancianos con las ""vulgares"" con los rechazados y con los que incomodan a los ""normales""",0
1462401497723977731,Sun Nov 21 12:44:21 +0000 2021,Mi sobrina se compró la pulsera del orgullo gay Y no me negó ni me afirmó nada JDJWHSHSHA pero nos reímos. (?),0
1450174509214941184,Mon Oct 18 18:58:40 +0000 2021,Mmgvo maricon anda a ver si la mujer tuya no se la esta raspando otro,1
1450648943679971329,Wed Oct 20 02:23:54 +0000 2021,"Muy bajito de sal el Latin King le dio amsiedak",1
1462841487549472770,Mon Nov 22 17:52:43 +0000 2021,"Muy marica el maestro de obra que va y le trabaja gratis al PASTOR LADRÓN en su mansión despierten ATEMBADOS.",1
1452648698698211329,Mon Oct 25 14:50:13 +0000 2021,"Muy maricon y seberenda culiada que les pego ayer jajajajaja desculiada no hay pavita",1
1462812066360840193,Mon Nov 22 17:45:03 +0000 2021,"Nea yo no puedo con la cultura de consumo de acá hay una maricada tan maluca de siempre querer todo a huevo todo regalado siempre pedir descuento.Coman mierda marica uno todo lo que estudia lo que gasta y lo que camella pa que le salgan a uno con ""ay un descuentico""",0
1462428767268212736,Sun Nov 21 14:32:43 +0000 2021,"No creo en el aborto por las 3 causales hay que proteger la vida desde el segundo 1 no esta en contra de los wecos xd eso es mentira solo no esta afavor del matrimonio y yo como gay estoy conforme y satisfecho con el acuerdo de union civil",0
1462126043670659078,Sat Nov 20 18:29:48 +0000 2021,"No das visibilidad a su ""feminidad"" a través de insinuar que es afeminado u homosexual le humillas porque consideras que eso es gracioso. No tienes ni la autocrítica ni la humildad de decir la verdad",0
1452657258584629252,Mon Oct 25 15:24:14 +0000 2021,No dije eso. Estaba de buen humor por las palabras que dijo antes de ayudar a la fan a salir de closet. Harry salió del closet indirectamente hace bastante tiempo y no exactamente como bisexual.,0
1449334179817299976,Sat Oct 16 11:19:30 +0000 2021,"No es lo mismo la vaCaGar con la vaCa Bal !Jijueputa arepera uribista !",1
1462142090477985792,Sat Nov 20 19:33:34 +0000 2021,"no es por gatekeppear la machorres pero como me caga ver qué morras así se nombran machorras jajsja cállate el hocico anasofi usar gorra tenis o camisas de botones de vez en cuando no es ser machorra",0
1462343628093804544,Sun Nov 21 08:54:24 +0000 2021,no estoy orgulloso de ser gay como vos no estás orgullosa/o de ser hetero el orgullo radica en “ser” sin que,0
1452666852652498950,Mon Oct 25 16:02:21 +0000 2021,"No existen las feministas que atacan a la gente trans lo que dices es un oxímoron. Las feministas son críticas del género y por lo tanto no pueden comulgar con una ideología que pretende hacer del género una identidad.",0
1462301561804132358,Sun Nov 21 16:46:33 +0000 2021,No importa si ninguna pareja gay se ha casado en Querétaro. Lo importante es que el día que quieran ya pueden hacerlo,0
1462455525568917504,Sun Nov 21 16:19:03 +0000 2021,"No lo creo sinceramente seria una generalización quizás las que has visto se ven así pero no necesariamente todas sería como decir que todos los hombres de aspecto  afeminado son homosexuales.",0
1452668176324513796,Mon Oct 25 16:07:37 +0000 2021,"No lo entienden ni un bando ni el otro unas te llamarán misogino por respetar pronombres y otres transfóbico por estar en contra de la ley trans. Yo soy crítico con parte del nuevo discurso trans pero también con quiénes no les respetan.",0
1457524793624961029,Mon Nov 08 01:46:04 +0000 2021,No mames que el pendejo del Colagusano dijo que ibamos a ser bicampeones no ironicamente JAJAJAJAJAPobre machorra pendejete de cagada,1
1450137743619670023,Mon Oct 18 16:32:34 +0000 2021,"No marica lo que me hubiera sollado ese chisme de Wanda China Benjamin y Icardi.",0
1450192152626008064,Mon Oct 18 20:08:47 +0000 2021,"No mijo admitir que otro vato es guapo no te hace homosexual mas bien a ti te hace pendejo creer que si.",0
1457708943015354368,Mon Nov 08 13:57:49 +0000 2021,"no puede ser si ponen a una bollera y a un maricon a hacer tik toks el dia del orgullo",1
1462255653527998469,Sun Nov 21 03:04:49 +0000 2021,"No puedo identificar tu sexo pero dedusco que eres un afeminado que odia a las mujeres y se nota que eres un gran arrogante con ínfulas de intelectual creo que solo eres una cucaracha que quisiera ser hombre!!",1
1462093285778931713,Sat Nov 20 16:19:38 +0000 2021,"No quieren que tengamos Navidad y Reyes. Seguro que no pasa en Ramadam y el orgullo Gay. Solo es para las fiestas Cristianas.

",1
1457082632882114564,Sat Nov 06 20:29:05 +0000 2021,NO SE SI SOY LESBIANA O BI AYUDA M VA A DAR UN DERRAME CEREBRAL,0
1457727827709607942,Mon Nov 08 15:12:52 +0000 2021,"No seas marica tengo que trabajar",1
1457067838120898561,Sat Nov 06 19:30:18 +0000 2021,"No supero el día que le dije a mi papá que soy bisexual me dijo que me amaba tal y como soy y me pregunto que como era la experiencia(de chismoso se puso) yo amo a ese hombre",0
1451216342678441984,Thu Oct 21 15:58:33 +0000 2021,No te parece extremo pagar para celebrar el Golpe de 73 en una portada de El Mercurio? Ni negar el derecho al aborto a la mujeres? Ni promover la tenencia de armas? Ni oponerse al matrimonio homosexual?,0
1462405221137666053,Sun Nov 21 12:59:09 +0000 2021,"No tendría nada de malo una marcha de orgullo hetero será acaso el mismo día que la marcha gay? Les arruinara algo? Para nada si se arden de eso los de GLTB es que no quieren perder ningún tipo de protagonismo y se sienten presuntamente atacados y ""menos especiales""",1
1452647226887520260,Mon Oct 25 14:44:22 +0000 2021,no yores aly yorar es oara maricones y tu no eres maricon,1
1450481517290008584,Tue Oct 19 15:18:37 +0000 2021,"Noemí 11 años cumplidos ayer tuvo como regalo la bandera del orgullo bisexual porque como aún no sabe si le gustan los chicos o las chicas o ambas y todos nacemos bisexuales ella se considera así hasta que de verdad sepa que le gusta. No puedo estar más orgullosa de ella.",0
1462428455304376330,Sun Nov 21 14:31:29 +0000 2021,Novia? El afeminado por favor si nadie le a conocido una al cuarenton la chimuela es gaysha,1
1451247410181812234,Thu Oct 21 18:02:00 +0000 2021,"Nunca estudien microbiologia eso no da plata marica jajaja",0
1462038811958034438,Fri Aug 28 21:51:49 +0000 2020,"o sea que la lógica de harry es que si una persona utiliza una boa con los colores de la bandera del orgullo ya es gay no?? okay okay interesante muy interesante",0
1448980274876932099,Fri Oct 15 11:53:12 +0000 2021,Ojala este "sepermand no valla a ser el q es cagasten,1
1462424199847464963,Sun Nov 21 14:14:34 +0000 2021,Ojalá y el afeminado hablaré menos del presidente y se dedicara a su trabajo a no ni carrera tiene solo es un # en radio fórmula,1
1452668070175010817,Mon Oct 25 16:07:11 +0000 2021,"Os habéis inventado que las mujeres trans son enemigas del feminismo cuando no sólo están incluidas en él sino que son sus mayores aliadas pero preferís ir contra ellas porque es fácil y podéis oprimirlas más de lo que están. Sois malas personas en resumen",0
1462169403101892608,Sat Nov 20 21:22:06 +0000 2021,"Para mi cruzar la pierna  para un hombre es demas. SE ve como si estuviera buscando verse elegante. El hombre se ve elegante sin tener que hacer eso. Ademas se ve afeminado. Asi como se sento AMLO es perfecto. No tenia las piernas abiertas como fotos de otros como Trump.",1
1451213973190324224,Thu Oct 21 15:49:08 +0000 2021,"Para mi el primero es más corto que  ""homosexual"" pero es su origen implica una minusvalía por eso ya no es adecuado su uso.",0
1450129052405321730,Mon Oct 18 15:58:02 +0000 2021,"Para un grupo que vive con tanto marica de closet (Aeter por ejemplo) deberías ver como los defiendes mejor. Xd",1
1457068021768507396,Sat Nov 06 19:31:02 +0000 2021,"Perfecto la próxima que alguien me llame boludo (como vos) voy a tener más paciencia y entender que no están muy bien. O sea... Si crees que soy conservador por decir que una persona bisexual es bisexual... Algo no va bien.",0
1452666710692179968,Mon Oct 25 16:01:47 +0000 2021,Pero ellos no quieren su propia liga trans la quieren facil compitiendo contra mujeres apoco crees que son tontos?,0
1450529227275649025,Tue Oct 19 18:28:11 +0000 2021,"Pero es sorprendente la recurrencia de estos temas en las conversaciones y en la vida en general de la gente gay y/o bisexual en comparación. Incluso cuando ha pasado esa etapa de autodescubrimiento salida del armario etc…",0
1452666804090937349,Mon Oct 25 16:02:09 +0000 2021,"Pero no finge ser cis de hecho dice publicamente que es trans creo (no tio trans tho)",0
1452648259256729600,Mon Oct 25 14:48:28 +0000 2021,pero pedazo de maricon,1
1462220758227292160,Sun Nov 21 00:46:10 +0000 2021,"Pero sin la chimuela no vende piñas el INE le dio millones a un simple locutora de radio un afeminado que ni es periodista ni tiene estudios profesionales",1
1462392869453537283,Sun Nov 21 12:10:04 +0000 2021,"Pero sus políticas son un asco matrimonio gay adoctrinamiento  gay de niños en las escuelas  abortoetc esto va en contra de la sociedad  .",1
1452666862068801537,Mon Oct 25 16:02:23 +0000 2021,"Piensan que las demandas de las personas trans son capricho y estamos imponiendo una ideología de género cuando al no reconocernos es violar el derecho al libre desarrollo de la personalidad. La inclusion implica cambiar el sist. de poder",0
1457181522071490565,Sun Nov 07 03:02:02 +0000 2021,Pinche machorra de los whiskitos,1
1462811082368634888,Mon Nov 22 15:51:54 +0000 2021,"Pinche pingüino maricon también ya bloqueo de esta Si no fuera por lo que regalano lo escucharía ni spm.",1
1452649186265124867,Mon Oct 25 14:52:09 +0000 2021,"Pique cabron Shakira tiene rabo tu hijo es de Wakaso y tu eres maricon",1
1462154031678251014,Sat Nov 20 20:21:01 +0000 2021,"Podré ser afeminado pendejo voz de niño trolo.Pero nunca Uribista petrista o cabalista",0
1450187662820790279,Mon Oct 18 19:50:56 +0000 2021,Podré ser menor q tú pero al menos yo si respeto gustos y orientaciones no como tú qué la más mínima muestra de afecto hacia una persona de mi mismo género la llamas homosexual tqm<3,0
1451139672512647169,Thu Oct 21 10:53:53 +0000 2021,Por casualidad este tambien no sera cagasten de Bayer.  Un Ricky Martin en potencia pero frustrado,1
1457009384807092232,Sat Nov 06 15:38:01 +0000 2021,"Por comentarios como este es imposible que no veamos que existe un problema. Hay gente a la que #Eternals no les importa como película sino porque “esos loquitos adopten” y que “festus” (sea quien sea) es “gordo negro y homo”.",0
1450188209409900546,Mon Oct 18 19:53:06 +0000 2021,"Por eso lo tapan con ""es humor"" para que no se les note tanto su homofobia y decirle a alguien homosexual como insulto es lo más inmaduro y homofóbico",0
1452666768288272390,Mon Oct 25 16:02:01 +0000 2021,"Por esto las feministas luchamos. Para evitar que niños/as sanas sean medicalizadas de por vida para acabar con una ley trans q los empuja a ello por introducir en las escuelas el cuento de la identidad de género. No hay acoso ni amenaza que opaque este trabajo. Hoy un orgullo.",0
1449768259285307403,Sun Oct 17 16:04:23 +0000 2021,Por que mejor no un revocatorio. Sacan a la arepera claudia a la loka de cali y el ñero de medellin y tumban la JEP?,1
1452655033988812802,Mon Oct 25 15:15:23 +0000 2021,por ti soy bisexual eh,0
1452668239666843650,Mon Oct 25 16:07:52 +0000 2021,"Porque queremos avanzar hacia un municipio más preparado y respetuoso hacia las personas que son parte de las Trans Diversidades te invitamos a participar del #OctubreTRANS de nuestra Oficina de la Diversidad  Mañana  tenemos  actividades desde las 15h en el Teatro Municipal",0
1451017119601242116,Thu Oct 21 02:46:54 +0000 2021,Positivo para cagasten de bayer,1
1450489215054061576,Tue Oct 19 15:49:12 +0000 2021,pq se supone que a los PAN sexual les gustan las personas sin importar si género o sexualidad y pus yo soy bisexual por lo que únicamente me gustan chicas y chicos y no los trans u otros géneros,0
1461964849756487683,Sat Nov 20 07:49:16 +0000 2021,"Prejuzgas porque en ningún momento dijo que importara una mierda. Lo que no se puede hacer es tirar una protesta entera por ese grito porque si aplicamos el mismo baremo el orgullo gay lo tiramos por los lgtbi clasistas/racistas que acuden y el 8M por las transfobas o racistas",0
1455368404836265984,Tue Nov 02 02:57:21 +0000 2021,Premio a la cochina arepera drogadicta y ninfomana,1
1457028074185261058,Sat Nov 06 16:52:17 +0000 2021,"Primero no digas ""ustedes"" soy gay no pertenezco a una secta segundo no es responder violencia con violencia es responder con burla a una ataque defenderse de toda la vida vamos",0
1462810821231263752,Mon Nov 22 15:50:52 +0000 2021,profe maricon que yo no he hecho nada el parte se lo meto a tu madre por el coño,1
1462809812614397953,Mon Nov 22 15:46:51 +0000 2021,Pues tú también tienes mi tuiter maricon no ahy no vive entonces imbécil asin es el Elías cómo ese de imbécil y pesado,1
1457108817162944516,Sat Nov 06 22:13:08 +0000 2021,Pura pinta de camiona machorra mechera.,1
1450136919166238722,Mon Oct 18 16:29:18 +0000 2021,Puro marica le tiene miedo a un video juego. Lo mas seguro tambien tiene miedo a morir.,1
1455167739690201092,Mon Nov 01 13:39:59 +0000 2021,Puro pelao cagasten.,1
1462478937209155591,Sun Nov 21 17:52:04 +0000 2021,"Q se puede esperar de una machorra sometida cómo está!!!   Q pena está  cabra ni lo alcanzó a ver vivo  generación de cabros inútiles son tan flojos q ni siquiera piensan por ellos mismos generación desechable tal como lo q conocieron en su triste vida",1
1457559586500644866,Mon Nov 08 04:04:20 +0000 2021,Qe raro..la machorra siempre trae el pelo corto ..,1
1457068331970727938,Sat Nov 06 19:32:16 +0000 2021,Que gracioso se me hace recordar cuando me di cuenta de que era bisexual y me cuadraron como unas 100 cosas de mi vida,0
1457249178216767488,Sun Nov 07 07:30:53 +0000 2021,Que asco esa malparida que ni arepera es. Arboricida.,1
1451245900139876352,Thu Oct 21 17:56:00 +0000 2021,Que borras el tw marica jaja chupa huevo,1
1452668050382245901,Mon Oct 25 16:07:07 +0000 2021,"Que dicen los que callaron con la camiseta de ""kill the terf""y con las agresiones trans a las feministas abolicionistas de la prostitución que llamarles Manolo es violencia e ir contra los derechos humanos. No falta ni uno oye. Con lo calladitos que estuvieron entonces todos",0
1457072328261574656,Sat Nov 06 19:48:08 +0000 2021,"Que horrible se siente cuando por ser bisexual la gente te trata de fácil de qué no tenes valores y que al decir que sos bisexual ya estás haciendo alusión a que la gente te puede buscar para cojer te reducen a eso cuando simplemente es tu orientación sexual.",0
1462550438444556292,Sun Nov 21 22:36:12 +0000 2021,"Que rabia k los tíos con paquete grande obtengan más reconocimiento en redes que una travesti que se pasa 5 horas maquillándose currándose un look buscando localización..XDD",0
1449407105660817419,Sat Oct 16 16:09:17 +0000 2021,Que si usted no pudo como alcalde con las basuras menos con el país. La arepera vendida volvió un mierdero la ciudad!,1
1462277449174061060,Sun Nov 21 04:31:26 +0000 2021,Que tiene de malo que un artista del regional mexicano sea gay y le hayan propuesto matrimonio? :|,0
1449140251012878339,Fri Oct 15 22:28:54 +0000 2021,Que vaina dandole publicidad a todo lo q dice esta arepera .,1
1452668174235799555,Mon Oct 25 16:07:36 +0000 2021,"Quien piense que los ataques brutales que estamos viviendo estos días las personas trans no va con él o ella se equivoca cualquier manifestación del fascismo en una sociedad acaba devastando más de lo que se pensó inicialmente.",0
1450529511662137352,Tue Oct 19 18:29:19 +0000 2021,Quiero un amigo gay,0
1462429267338440709,Sun Nov 21 14:34:42 +0000 2021,"Rechazando y sancionando la ley del matrimonio igualitario es rechazar la igualdad libertad y llevar a cabo una discriminación hacia el pueblo de Tailandia.",0
1457070692822831104,Sat Nov 06 19:41:38 +0000 2021,"reconozco que soy una bisexual reprimida hasta que me tire una piba por dm",0
1461923300163129356,Sat Nov 20 18:11:27 +0000 2021,Recuerden que la toxicidad de lss personas va en cada quien. No tiene nada que ver con si eres gay afeminado o masculino. Sáquense el chip de la cabeza y dejen esos micromachismos.,0
1462307192321761285,Sun Nov 21 06:29:37 +0000 2021,"RT @hm_zubieta: Pero al mismo tiempo que objetifique a la prota y la compare literalmente con un objeto que se supone que es una lesbiana…",0
1462842345481814016,Mon Nov 22 17:56:08 +0000 2021,RT @maatildaaaa__: Lo chimba que es enterarme de todo jajaja y hacerme la marica jajajajajaxd,0
1462808499449126920,Mon Nov 22 15:41:38 +0000 2021,RT @thmitop: @koosidero lyego le decías bottom maldito maricon,1
1451216936281518082,Thu Oct 21 16:00:54 +0000 2021,"Santiago orgulloso homosexual",0
1457083065336012800,Sat Nov 06 20:30:48 +0000 2021,"Se llenan la boca con su hipócrita discurso asegurando que ""Creen en la familia"" Excepto si uno de ellos es: - Gay - Lesbiana - Comunista - Ateo - Agnóstico - Fuma marihuana",0
1450174368760442888,Mon Oct 18 18:58:07 +0000 2021,seee... entero fleto el pajaron ese,1
1462810014637252609,Mon Nov 22 15:47:39 +0000 2021,"seguro que hyungwon y minhyuk me saludaron a kihyun: feliz cumpleaños maricon soplame la vela",1
1456041356229550083,Wed Nov 03 23:31:25 +0000 2021,"Si a tu novio le gusta la limonada cerezada los mochos le quedan mejores q a ti y le gusta la música de Romeo Santos deja ir a ese hpta es caga tiene vena peatica golosa y te pedirá q lo acuñes al culear",1
1457087364254339077,Sat Nov 06 20:47:53 +0000 2021,"Si eres lesbiana y quieres ser madre la Seguridad Social te tiene que pagar la inseminaciòn artificial pero si tienes 70 años y necesitas una dentadura nueva para poder comer te la pagas tú con tu pensión. Me parece un despropósito. Y los recursos son finitos.",0
145052606616723865,Tue Oct 19 18:15:38 +0000 2021,"si es parte es porque es bi o gay. no invisibilizas a la bisexualidad solo por decir que alguien es homosexual no funciona asi. tu discurso está bastante desordenado la verdad",0
1462837515220668419,Mon Nov 22 17:36:56 +0000 2021,Si hay una definición universal de marica esa es @SimonLevyMx,1
1457748222852599812,Mon Nov 08 16:33:54 +0000 2021,Si machorra lo que tu digas,1
1451218510395310084,Thu Oct 21 16:07:09 +0000 2021,"Si mejor démosle el mundial a un país donde te matan si eres homosexual y donde las mujeres no tienen derechos la FIFA es un chiste no puedo espera que se cree la Superliga y manden al carajo esta organización corrupta.",0
1457553602084487174,Mon Nov 08 03:40:33 +0000 2021,Si mira tienes la cara en orden pero tienes cuerpo de lesbiana machorra y a mi me gustan los flacos vergones. Re baii loser.,1
1450489339025104900,Tue Oct 19 15:49:41 +0000 2021,Si soy bisexual no se nota xd?Femboy no se xd. A veces me comporto asi,0
1462522220173950981,Sun Nov 21 20:44:04 +0000 2021,"Si te llamas nubecita debes ser un travesti o una prostituta vieja en ambos casos tu chupas pico por gusto!!!!’",1
1462790594720370691,Mon Nov 22 14:30:29 +0000 2021,Sos patética arepera hpta,1
1462270382006841347,Sun Nov 21 04:03:21 +0000 2021,Soy de la Comunidad LGBTQ. Su comentario no fue ofensivo Laura.Una cosa es que un hombre se vista como mujer para celebrar el mes del orgullo o para una fiesta de disfraces. Cuando el hombre se viste de mujer solo por vestirse El esta confundido. No sabe si es gay o transgenero.,1
1457070333152878593,Sat Nov 06 19:40:13 +0000 2021,"Soy una mujer perfectamente identificada como BISEXUAL. El serlo no significa que pertenezca apoye comulgue con este sector que crece como la pelusa en casa. Si eso dije ""pelusa"".",0
1462430384512241664,Sun Nov 21 14:39:08 +0000 2021,"Sterling entraría bien en el Barca es igual de teatrero y piscinero. Puto enano afeminado. Costumbre hecha.",1
1462158533919707145,Sat Nov 20 20:38:54 +0000 2021,"Sí bueno... Pero devolvé la guita que te afanaste. Vos sos tan miserable e inescrupuloso como esos tipos. Sos un corrupto afeminado pero corrupto al fin...",1
1457462143280771073,Sun Nov 07 21:37:07 +0000 2021,Tipica Machorra!!!,1
1450137707993251847,Mon Oct 18 16:32:26 +0000 2021,"Tan lambon marica!",1
1450540524520214539,Tue Oct 19 19:13:05 +0000 2021,Tiene pinta de cagasten,1
1450209516155453440,Mon Oct 18 21:17:46 +0000 2021,Tu eres positivo para cagasten de Bayer chacha,1
1450133818761940998,Mon Oct 18 16:16:59 +0000 2021,Un marica disfrazado de mujer.,1
1457424139862556677,Sun Nov 07 19:06:07 +0000 2021,Un mensaje para la arepera @ClaudiaLopez  que tiene la Bogota sumida en la delincuencia,1
1457084546873167873,Sat Nov 06 20:36:41 +0000 2021,"Una amiga q es lesbiana dijo q odia a los heteros despues sube a instagram respeto por todas las sexualidades flaca que",0
1462237996338409485,Sun Nov 21 01:54:40 +0000 2021,"Una ex pareja tenía un ligero problema con la homosexualidad así que un día agarré su celular y lo uní como a 15 grupos de facebook de orgullo gay. No creo que haya resuelto nada pero aún me río terriblemente al recordar la cara que puso cuando lo empezaron a aceptar.",0
1452658909546569732,Mon Oct 25 15:30:47 +0000 2021,"una fan le pidió que la ayude a salir del closet y harry le dijo que cuando él levante la bandera esta oficialmente afuera se arrodilló y levantó la bandera bisexual por la fan por favor no paro de llorar",0
1462109857490903045,Sat Nov 20 17:25:29 +0000 2021,Una médica anestesista que participa del orgullo loco al lado de un "la enfermedad mental es un constructo social" no se para ahí: se inventa la historia de la lucha LGTB y de paso borra a la instigadora y convierte en trans a un travesti gay. Esa gente quiere tu voto,1
1462538961134358530,Sun Nov 21 21:50:35 +0000 2021,Uno puso que nati peluso es el travesti de shrek,1
1462840594171052036,Mon Nov 22 17:49:10 +0000 2021,"Usted si es mucho lo marica fea gas la vomita",1
1451243486255198210,Thu Oct 21 17:46:24 +0000 2021,Usted simplemente es un bobo marica que esta en el lugar equivocado,1
1456458069244796928,Fri Nov 05 03:07:18 +0000 2021,Vaya a darse la lengua con su cabal AREPERA de mierda. 2% de favoritismo Jajajjjajajajajajajajajajajajaj.. Siga mongolica estúpida apoyando a la loca.,1
1450174447529381917,Mon Oct 18 18:58:25 +0000 2021,Venga di la nueve ya que todos sabemos que eres un pedazo de maricon,1
1462150178954264585,Sat Nov 20 20:05:42 +0000 2021,Vi la publicación de una delulu diciendo que cuando Harry levantó la bandera del orgullo gay quedó viendo a tae y en el video se ve claramente que quedó viendo al lado contrario es decir donde estaba hobi Y las demás lamepatas le creyeron a la delulu,0
1457049023412539393,Sat Nov 06 18:15:32 +0000 2021,"Vieja fascista machorra indecente admiradora de boric tejia que ser",1
1457518856684154882,Mon Nov 08 01:22:29 +0000 2021,Viejas inutiles y la arepera....,1
1449394787740790789,Sat Oct 16 15:20:20 +0000 2021,Vuelvase arepera o cacorra,1
1449516227152523267,Sat Oct 16 23:22:53 +0000 2021,Vuelvase arepera y no joda,1
1462749651082354688,Mon Nov 22 15:43:15 +0000 2021,willyrex tenes una puta hija dejale un poco de salud ambiental para ella maricon de mi3rda,1
1462541249924112386,Sun Nov 21 21:59:41 +0000 2021,"Wow qué mujer tan femenina ella Claramente se ve que es un travesti como que ya estás preparando el camino para salir del clóset. Y pues ch¡ngue a su madre si te gustan los miembros masculinos pues vas @pedroferriz3",1
1462401557845131264,Sun Nov 21 12:44:36 +0000 2021,"Y a propósito de cómo os definís... Ya sabéis que mi actitud es femenina y que aunque sea un chico no soy un machote ni remotamente... (ni falta que me hace). Entonces ¿a vosotros os atraen los chicos de carácter afeminado?",0
1462809321683795972,Mon Nov 22 15:44:54 +0000 2021,y asi quieres amigos maricon culiao,1
1457065591940870149,Sat Nov 06 19:21:22 +0000 2021,Y como va a tener hijos si es machorra,1
1450686306695139330,Wed Oct 20 04:52:22 +0000 2021,Y es cagasten tambien,1
1457520755269373953,Mon Nov 08 01:30:02 +0000 2021,"Y la machorra justificando a Reynoso con lo de los refuerzos como si de un LATERAL IZQUIERDO dependiera dominar el mediocampo JAJAJAJAJAJAJA",1
1462587195265589256,Mon Nov 22 01:02:15 +0000 2021,Y pensar que en Spiderman la hacen ver cómo una machorra fodonga,1
1457710910496284675,Mon Nov 08 14:05:38 +0000 2021,"Ya es hora de protestar por los exagerados precios de la carne, ¡¿cómo así que una libra de solomo de res está costando ¡26.000 pesos!?! Ahí sí no veo a ningún maricón ""primera linea"" protestando.",1
1450135698082869253,Mon Oct 18 16:24:27 +0000 2021,YA MARICA,0
1451246015286218761,Thu Oct 21 17:56:27 +0000 2021,"Ya me empute marica jajajsja no lo puedo creer.",0
1450652629487558661,Wed Oct 20 02:38:33 +0000 2021,Ya vas tu con tus vainas de cagasten,1
1450194723025526787,Mon Oct 18 20:18:59 +0000 2021,"Yo considero que no es problema que sea  homosexual o lesbiana mientras haga bien el trabajo.",0
1451217720792526858,Thu Oct 21 16:04:01 +0000 2021,Yo no lo veo homofobo. Una es heterosexual y la otra homosexual.,0
1462118599271727104,Sat Nov 20 18:00:13 +0000 2021,"Yo sí shippeo este matrimonio gay interracial que nos montaron en esta versión. En el anime eram guylove sin saber bien por qué acá lo vemos claro",0
1455272456911048705,Mon Nov 01 20:36:06 +0000 2021,Yo tenia dudas de que este man era cagasten pero ya las estoy disipando,1
1457067791601872906,Sat Nov 06 19:30:07 +0000 2021,"¿Entonces uno puede ser culpable e inocente? ¿Un número puede ser par e impar? Si te gustan ambos sexos sos bisexual. No es tan complicado.",0
1461842014010585093,Fri Nov 19 23:41:10 +0000 2021,¿les dejaría de gustar un chico por ser afeminado? Los leo,0
1462541318475894787,Sun Nov 21 22:10:36 +0000 2021,"﻿Se unían todos los prejuicios de la época contra ella: la española que se sentía más inglesa “machorra” una mujer exitosa en su trabajo culta su carácter frío… De todo esto se valió la Guardia Civil y los medios para condenarla #DoloresT5",0
